{"branches": 86.7132867132867, "coverage": 95.19018404907975}