{"branches": 91.36690647482014, "coverage": 98.77866400797608}