{"branches": 75.97765363128491, "coverage": 87.97417271993542}