{"branches": 86.7132867132867, "coverage": 96.07361963190183}