{"branches": 75.97765363128491, "coverage": 87.92027380712703}