{"branches": 64.42307692307693, "coverage": 82.02941176470588}