{"branches": 84.66666666666667, "coverage": 94.27609427609428}