{"branches": 89.43661971830986, "coverage": 97.34447996065896}