{"branches": 62.735849056603776, "coverage": 79.54220314735336}