{"branches": 75.97765363128491, "coverage": 87.91784132098269}