{"branches": 92.19330855018588, "coverage": 98.84509163946774}