{"branches": 78.06451612903226, "coverage": 89.75631768953069}