{"branches": 85.66433566433567, "coverage": 94.72780774889652}