{"branches": 59.905660377358494, "coverage": 80.07106899615043}