{"branches": 63.942307692307686, "coverage": 81.83691492493377}