{"branches": 64.42307692307693, "coverage": 82.10185457756845}