{"branches": 91.36690647482014, "coverage": 98.6052303860523}