{"branches": 85.66433566433567, "coverage": 94.7136563876652}