{"branches": 64.42307692307693, "coverage": 82.28118328758768}