{"branches": 59.905660377358494, "coverage": 79.97633836143153}