{"branches": 75.63025210084034, "coverage": 89.24152770306615}