{"branches": 91.82156133828995, "coverage": 98.71955812201858}